category_name,name,url,status
Mũi phay,Bộ mũi phay thẳng Bosch 2607017467 6 chi tiết (Mới),https://super-mro.com/san-pham/bo-mui-phay-thang-bosch-2607017467-6-chi-tiet-moi.html,0
Mũi phay,Bộ mũi phay cạnh Bosch 2607017470 6 chi tiết (Mới),https://super-mro.com/san-pham/bo-mui-phay-canh-bosch-2607017470-6-chi-tiet-moi.html,0
Mũi phay,Bộ mũi phay hỗn hợp Bosch 2607017473 15 chi tiết (Mới),https://super-mro.com/san-pham/bo-mui-phay-hon-hop-bosch-2607017473-15-chi-tiet-moi.html,0
Mũi phay,Mũi phay Makita D-49694 1'',https://super-mro.com/san-pham/mui-phay-makita-d-49694-1.html,0
Mũi phay,"Mũi phay Makita D-49638 1""",https://super-mro.com/san-pham/mui-phay-makita-d-49638-1.html,0
Mũi phay,"Mũi phay Makita D-49317 1/4""",https://super-mro.com/san-pham/mui-phay-makita-d-49317-1-4.html,0
Mũi phay,Mũi phay Makita D-50099 1-1/2'',https://super-mro.com/san-pham/mui-phay-makita-d-50099-1-1-2.html,0
Mũi phay,Mũi phay Makita D-50061 1-1/4'',https://super-mro.com/san-pham/mui-phay-makita-d-50061-1-1-4.html,0
Mũi phay,Mũi phay Makita D-49797 1-1/8'',https://super-mro.com/san-pham/mui-phay-makita-d-49797-1-1-8.html,0
Mũi phay,Mũi phay Makita D-49909 1-1/8'',https://super-mro.com/san-pham/mui-phay-makita-d-49909-1-1-8.html,0
Mũi phay,Mũi phay Makita D-49666 1-15/64'',https://super-mro.com/san-pham/mui-phay-makita-d-49666-1-15-64.html,0
Mũi phay,Mũi phay Makita D-50033 1-5/8'',https://super-mro.com/san-pham/mui-phay-makita-d-50033-1-5-8.html,0
Mũi phay,"Mũi phay Makita D-49426 3/4""",https://super-mro.com/san-pham/mui-phay-makita-d-49426-3-4.html,0
Mũi phay,"Mũi phay Makita D-49507 3/4""",https://super-mro.com/san-pham/mui-phay-makita-d-49507-3-4.html,0
Mũi phay,"Mũi phay Makita D-49535 3/8""",https://super-mro.com/san-pham/mui-phay-makita-d-49535-3-8.html,0
Mũi phay,Mũi phay Makita D-04313 3/8e 10mm,https://super-mro.com/san-pham/mui-phay-makita-d-04313-3-8e-10mm.html,0
Mũi phay,Mũi phay Makita D-15453 90 20mm,https://super-mro.com/san-pham/mui-phay-makita-d-15453-90-20mm.html,0
Mũi phay,Mũi phay cạnh Makita D-09488 45 26mm,https://super-mro.com/san-pham/mui-phay-canh-makita-d-09488-45-26mm.html,0
Mũi phay,Mũi phay cạnh Makita D-09494 60 20mm,https://super-mro.com/san-pham/mui-phay-canh-makita-d-09494-60-20mm.html,0
Mũi phay,Mũi phay gợn sóng Makita D-09581 3/6r 26mm,https://super-mro.com/san-pham/mui-phay-gon-song-makita-d-09581-3-6r-26mm.html,0
Mũi phay,Mũi phay rãnh tròn Makita D-09400 4r 20mm,https://super-mro.com/san-pham/mui-phay-ranh-tron-makita-d-09400-4r-20mm.html,0
Mũi phay,"Mũi phay thẳng Makita D-09173 1/4""x6mm",https://super-mro.com/san-pham/mui-phay-thang-makita-d-09173-1-4x6mm.html,0
Mũi phay,Mũi phay thẳng Makita D-15512 10mm,https://super-mro.com/san-pham/mui-phay-thang-makita-d-15512-10mm.html,0
Mũi phay,"Mũi phay thẳng Makita D-07901 12,7mm",https://super-mro.com/san-pham/mui-phay-thang-makita-d-07901-12-7mm.html,0
Mũi phay,Mũi phay thẳng Makita D-07892 12mm,https://super-mro.com/san-pham/mui-phay-thang-makita-d-07892-12mm.html,0
Mũi phay,Mũi phay thẳng Makita D-10182 2 lưỡi 10mm,https://super-mro.com/san-pham/mui-phay-thang-makita-d-10182-2-luoi-10mm.html,0
Mũi phay,"Mũi phay thẳng Makita D-49199 2 rãnh 3/8""",https://super-mro.com/san-pham/mui-phay-thang-makita-d-49199-2-ranh-3-8.html,0
Mũi phay,"Mũi phay thẳng Makita D-49264 2 rãnh 3/8""",https://super-mro.com/san-pham/mui-phay-thang-makita-d-49264-2-ranh-3-8.html,0
Mũi phay,Mũi phay thẳng Makita D-09313 20mm,https://super-mro.com/san-pham/mui-phay-thang-makita-d-09313-20mm.html,0
Mũi phay,Mũi phay thẳng Makita 733238-9 6e,https://super-mro.com/san-pham/mui-phay-thang-makita-733238-9-6e.html,0
Mũi phay,Mũi phay thẳng Makita 793126-2 8,https://super-mro.com/san-pham/mui-phay-thang-makita-793126-2-8.html,0
Mũi phay,Mũi phay thẳng 8mm Makita D-09260 8mm,https://super-mro.com/san-pham/mui-phay-thang-8mm-makita-d-09260-8mm.html,0
Mũi phay,Mũi phay thẳng 8mm Makita D-15388 8mm,https://super-mro.com/san-pham/mui-phay-thang-8mm-makita-d-15388-8mm.html,0
Mũi phay,Mũi phay thẳng lưỡi 2 phần Makita D-09341 6mm,https://super-mro.com/san-pham/mui-phay-thang-luoi-2-phan-makita-d-09341-6mm.html,0
Mũi phay,Mũi phay tròn Makita D-09553 20mm,https://super-mro.com/san-pham/mui-phay-tron-makita-d-09553-20mm.html,0
Mũi phay,Mũi phay tròn Makita D-15475 21mm,https://super-mro.com/san-pham/mui-phay-tron-makita-d-15475-21mm.html,0
Mũi phay,Mũi phay tròn Makita D-09569 26mm,https://super-mro.com/san-pham/mui-phay-tron-makita-d-09569-26mm.html,0
Mũi phay,Mũi phay tròn 4r Makita D-09357 20mm,https://super-mro.com/san-pham/mui-phay-tron-4r-makita-d-09357-20mm.html,0
Mũi phay,Mũi phay tròn Makita D-09329 6mm,https://super-mro.com/san-pham/mui-phay-tron-makita-d-09329-6mm.html,0
Mũi phay,Mũi phay tròn 6r Makita D-09444 21mm,https://super-mro.com/san-pham/mui-phay-tron-6r-makita-d-09444-21mm.html,0
Mũi phay,Mũi thẳng mt360 Makita 733237-1 12e,https://super-mro.com/san-pham/mui-thang-mt360-makita-733237-1-12e.html,0
Mũi phay,"Mũi phay cạnh hình chữ s Makita D-70013 1/4"" (6.35mm) 1'-1/8""x2-11/64""",https://super-mro.com/san-pham/mui-phay-canh-hinh-chu-s-makita-d-70013-1-4-6-35mm-1-1-8-x2-11-64.html,0
Mũi phay,"Mũi phay thẳng 1 cạnh Makita D-68862 1/4"" (6.35mm) 1/8""x2""",https://super-mro.com/san-pham/mui-phay-thang-1-canh-makita-d-68862-1-4-6-35mm-1-8-x2.html,0
Mũi phay,"Mũi phay thẳng 1 cạnh Makita D-68878 1/4"" (6.35mm) 5/32""x2""",https://super-mro.com/san-pham/mui-phay-thang-1-canh-makita-d-68878-1-4-6-35mm-5-32-x2.html,0
Mũi phay,"Mũi phay thẳng 1 cạnh Makita D-68884 1/4"" (6.35mm) 3/16""x1-7/8""",https://super-mro.com/san-pham/mui-phay-thang-1-canh-makita-d-68884-1-4-6-35mm-3-16-x1-7-8.html,0
Mũi phay,"Mũi phay thẳng 1 cạnh Makita D-68890 1/4"" (6.35mm) 1/4x2""",https://super-mro.com/san-pham/mui-phay-thang-1-canh-makita-d-68890-1-4-6-35mm-1-4x2.html,0
Mũi phay,"Mũi phay thẳng 1 cạnh Makita D-68909 1/2"" (12.7mm) 1/4""x2-1/2""",https://super-mro.com/san-pham/mui-phay-thang-1-canh-makita-d-68909-1-2-12-7mm-1-4-x2-1-2.html,0
Mũi phay,"Mũi phay thẳng 2 cạnh Makita D-68921 1/4"" (6.35mm) 1/4""x2-1/4""",https://super-mro.com/san-pham/mui-phay-thang-2-canh-makita-d-68921-1-4-6-35mm-1-4-x2-1-4.html,0
Mũi phay,"Mũi phay thẳng 2 cạnh Makita D-68937 1/4"" (6.35mm) 5/16""x2-1/4""",https://super-mro.com/san-pham/mui-phay-thang-2-canh-makita-d-68937-1-4-6-35mm-5-16-x2-1-4.html,0
Mũi phay,"Mũi phay thẳng 2 cạnh Makita D-68943 1/4"" (6.35mm) 3/8""x2-1/4""",https://super-mro.com/san-pham/mui-phay-thang-2-canh-makita-d-68943-1-4-6-35mm-3-8-x2-1-4.html,0
Mũi phay,"Mũi phay thẳng 2 cạnh Makita D-68959 1/4"" (6.35mm) 1/2""x2-1/2""",https://super-mro.com/san-pham/mui-phay-thang-2-canh-makita-d-68959-1-4-6-35mm-1-2-x2-1-2.html,0
Mũi phay,"Mũi phay thẳng 2 cạnh Makita D-68965 1/4"" (6.35mm) 1/4""x1-7/8""",https://super-mro.com/san-pham/mui-phay-thang-2-canh-makita-d-68965-1-4-6-35mm-1-4-x1-7-8.html,0
Mũi phay,"Mũi phay thẳng 2 cạnh Makita D-68971 1/4"" (6.35mm) 1/4""x2""",https://super-mro.com/san-pham/mui-phay-thang-2-canh-makita-d-68971-1-4-6-35mm-1-4-x2.html,0
Mũi phay,"Mũi phay thẳng 2 cạnh Makita D-68987 1/4"" (6.35mm) 5/16""x2""",https://super-mro.com/san-pham/mui-phay-thang-2-canh-makita-d-68987-1-4-6-35mm-5-16-x2.html,0
Mũi phay,"Mũi phay thẳng 2 cạnh Makita D-68993 1/4"" (6.35mm) 3/8""x2""",https://super-mro.com/san-pham/mui-phay-thang-2-canh-makita-d-68993-1-4-6-35mm-3-8-x2.html,0
Mũi phay,"Mũi phay thẳng 2 cạnh Makita D-69004 1/4"" (6.35mm) 1/2""x2""",https://super-mro.com/san-pham/mui-phay-thang-2-canh-makita-d-69004-1-4-6-35mm-1-2-x2.html,0
Mũi phay,"Mũi phay thẳng 2 cạnh Makita D-69010 1/4"" (6.35mm) 9/16""x2""",https://super-mro.com/san-pham/mui-phay-thang-2-canh-makita-d-69010-1-4-6-35mm-9-16-x2.html,0
Mũi phay,"Mũi phay thẳng 2 cạnh Makita D-69026 1/4"" (6.35mm) 5/8""x2""",https://super-mro.com/san-pham/mui-phay-thang-2-canh-makita-d-69026-1-4-6-35mm-5-8-x2.html,0
Mũi phay,"Mũi phay thẳng 2 cạnh Makita D-69032 1/4"" (6.35mm) 23/32""x2""",https://super-mro.com/san-pham/mui-phay-thang-2-canh-makita-d-69032-1-4-6-35mm-23-32-x2.html,0
Mũi phay,"Mũi phay thẳng 2 cạnh Makita D-69048 1/4"" (6.35mm) 3/4""x2""",https://super-mro.com/san-pham/mui-phay-thang-2-canh-makita-d-69048-1-4-6-35mm-3-4-x2.html,0
Mũi phay,"Mũi phay thẳng 2 cạnh Makita D-69060 1/2"" (12.7mm) 5/16""x2-3/4""",https://super-mro.com/san-pham/mui-phay-thang-2-canh-makita-d-69060-1-2-12-7mm-5-16-x2-3-4.html,0
Mũi phay,"Mũi phay thẳng 2 cạnh Makita D-69076 1/2"" (12.7mm) 3/8""x2-7/8""",https://super-mro.com/san-pham/mui-phay-thang-2-canh-makita-d-69076-1-2-12-7mm-3-8-x2-7-8.html,0
Mũi phay,"Mũi phay thẳng 2 cạnh Makita D-69082 1/2"" (12.7mm) 1/2""x2-5/8""",https://super-mro.com/san-pham/mui-phay-thang-2-canh-makita-d-69082-1-2-12-7mm-1-2-x2-5-8.html,0
Mũi phay,"Mũi phay thẳng 2 cạnh Makita D-69098 1/2"" (12.7mm) 1/2""x2-7/8""",https://super-mro.com/san-pham/mui-phay-thang-2-canh-makita-d-69098-1-2-12-7mm-1-2-x2-7-8.html,0
Mũi phay,"Mũi phay thẳng 2 cạnh Makita D-69107 1/2"" (12.7mm) 1/2""x3""",https://super-mro.com/san-pham/mui-phay-thang-2-canh-makita-d-69107-1-2-12-7mm-1-2-x3.html,0
Mũi phay,"Mũi phay thẳng 2 cạnh Makita D-69113 1/2"" (12.7mm) 9/16""x2-7/8""",https://super-mro.com/san-pham/mui-phay-thang-2-canh-makita-d-69113-1-2-12-7mm-9-16-x2-7-8.html,0
Mũi phay,"Mũi phay thẳng 2 cạnh Makita D-69129 1/2"" (12.7mm) 5/8""'-2-7/8""",https://super-mro.com/san-pham/mui-phay-thang-2-canh-makita-d-69129-1-2-12-7mm-5-8-2-7-8.html,0
Mũi phay,"Mũi phay bản Makita D-69381 1/2"" (12.7mm) 3/8""x3""",https://super-mro.com/san-pham/mui-phay-ban-makita-d-69381-1-2-12-7mm-3-8-x3.html,0
Mũi phay,"Mũi phay thẳng 2 cạnh Makita D-69141 1/2"" (12.7mm) 3/4""x2-7/8""",https://super-mro.com/san-pham/mui-phay-thang-2-canh-makita-d-69141-1-2-12-7mm-3-4-x2-7-8.html,0
Mũi phay,"Mũi phay thẳng 2 cạnh Makita D-69157 1/2"" (12.7mm) 3/4""x3""",https://super-mro.com/san-pham/mui-phay-thang-2-canh-makita-d-69157-1-2-12-7mm-3-4-x3.html,0
Mũi phay,"Mũi phay thẳng 2 cạnh Makita D-69163 1/2"" (12.7mm) 7/8""x2-5/8""",https://super-mro.com/san-pham/mui-phay-thang-2-canh-makita-d-69163-1-2-12-7mm-7-8-x2-5-8.html,0
Mũi phay,"Mũi phay thẳng 2 cạnh Makita D-69179 1/2"" (12.7mm) 7/8""x2-7/8""",https://super-mro.com/san-pham/mui-phay-thang-2-canh-makita-d-69179-1-2-12-7mm-7-8-x2-7-8.html,0
Mũi phay,"Mũi phay thẳng 2 cạnh Makita D-69185 1/2"" (12.7mm) 1""x2'-7/8""",https://super-mro.com/san-pham/mui-phay-thang-2-canh-makita-d-69185-1-2-12-7mm-1-x2-7-8.html,0
Mũi phay,"Mũi phay thẳng 2 cạnh Makita D-69191 1/2"" (12.7mm) 1/2""x4-1/2""",https://super-mro.com/san-pham/mui-phay-thang-2-canh-makita-d-69191-1-2-12-7mm-1-2-x4-1-2.html,0
Mũi phay,"Mũi phay thẳng 2 cạnh Makita D-69200 1/2"" (12.7mm) 1/2""x4""",https://super-mro.com/san-pham/mui-phay-thang-2-canh-makita-d-69200-1-2-12-7mm-1-2-x4.html,0
Mũi phay,"Mũi phay thẳng 2 cạnh Makita D-69216 1/2"" (12.7mm) 3/4""x2-13/16""",https://super-mro.com/san-pham/mui-phay-thang-2-canh-makita-d-69216-1-2-12-7mm-3-4-x2-13-16.html,0
Mũi phay,"Mũi phay bảng lề Makita D-69222 1/4"" (6.35mm) 1/2""x2-1/64""",https://super-mro.com/san-pham/mui-phay-bang-le-makita-d-69222-1-4-6-35mm-1-2-x2-1-64.html,0
Mũi phay,"Mũi phay thẳng 2 cạnh Makita D-69238 1/4"" (6.35mm) 3/8""x2-5/8""",https://super-mro.com/san-pham/mui-phay-thang-2-canh-makita-d-69238-1-4-6-35mm-3-8-x2-5-8.html,0
Mũi phay,"Mũi phay thẳng 2 cạnh Makita D-69244 1/4"" (6.35mm) 1/2""x2-3/16""",https://super-mro.com/san-pham/mui-phay-thang-2-canh-makita-d-69244-1-4-6-35mm-1-2-x2-3-16.html,0
Mũi phay,"Mũi phay thẳng 2 cạnh Makita D-69250 1/4"" (6.35mm) 1/2'x2-11/16""",https://super-mro.com/san-pham/mui-phay-thang-2-canh-makita-d-69250-1-4-6-35mm-1-2-x2-11-16.html,0
Mũi phay,"Mũi phay thẳng 2 cạnh Makita D-69266 1/4"" (6.35mm) 1/4""x2-1/8""",https://super-mro.com/san-pham/mui-phay-thang-2-canh-makita-d-69266-1-4-6-35mm-1-4-x2-1-8.html,0
Mũi phay,"Mũi phay thẳng 2 cạnh Makita D-69272 1/4"" (6.35mm) 3/8""x2-1/8""",https://super-mro.com/san-pham/mui-phay-thang-2-canh-makita-d-69272-1-4-6-35mm-3-8-x2-1-8.html,0
Mũi phay,"Mũi phay thẳng 2 cạnh Makita D-69288 1/2"" (12.7mm) 1/2""x3""",https://super-mro.com/san-pham/mui-phay-thang-2-canh-makita-d-69288-1-2-12-7mm-1-2-x3.html,0
Mũi phay,"Mũi phay thẳng 2 cạnh Makita D-69294 1/2"" (12.7mm) 1/2""x3-19/32""",https://super-mro.com/san-pham/mui-phay-thang-2-canh-makita-d-69294-1-2-12-7mm-1-2-x3-19-32.html,0
Mũi phay,"Mũi phay thẳng 2 cạnh Makita D-69303 1/2"" (12.7mm) 1/2""x4-1/64""",https://super-mro.com/san-pham/mui-phay-thang-2-canh-makita-d-69303-1-2-12-7mm-1-2-x4-1-64.html,0
Mũi phay,"Mũi phay thẳng 2 cạnh Makita D-69319 1/2"" (12.7mm) 3/4""x3""",https://super-mro.com/san-pham/mui-phay-thang-2-canh-makita-d-69319-1-2-12-7mm-3-4-x3.html,0
Mũi phay,"Mũi phay thẳng 2 cạnh Makita D-69325 1/2"" (12.7mm) 3/4""x3-5/16""",https://super-mro.com/san-pham/mui-phay-thang-2-canh-makita-d-69325-1-2-12-7mm-3-4-x3-5-16.html,0
Mũi phay,"Mũi phay thẳng 3 cạnh Makita D-69331 1/4"" (6.35mm) 1/2""x2-11/16""",https://super-mro.com/san-pham/mui-phay-thang-3-canh-makita-d-69331-1-4-6-35mm-1-2-x2-11-16.html,0
Mũi phay,"Mũi phay thẳng 3 cạnh Makita D-69347 1/2"" (12.7mm) 1/2""x3-19/32""",https://super-mro.com/san-pham/mui-phay-thang-3-canh-makita-d-69347-1-2-12-7mm-1-2-x3-19-32.html,0
Mũi phay,"Mũi phay rãnh trên Makita D-69353 1/4"" (6.35mm) 1/2""x1-7/8""",https://super-mro.com/san-pham/mui-phay-ranh-tren-makita-d-69353-1-4-6-35mm-1-2-x1-7-8.html,0
Mũi phay,"Mũi phay rãnh trên Makita D-69369 1/4"" (6.35mm) 1/2""x2-5/8""",https://super-mro.com/san-pham/mui-phay-ranh-tren-makita-d-69369-1-4-6-35mm-1-2-x2-5-8.html,0
Mũi phay,"Mũi phay bản Makita D-69375 1/4"" (6.35mm) 1/4""x2-9/16""",https://super-mro.com/san-pham/mui-phay-ban-makita-d-69375-1-4-6-35mm-1-4-x2-9-16.html,0
Mũi phay,"Mũi phay lỗ tròn Makita D-69406 1/4"" (6.35mm) 1/4""x1-3/4""",https://super-mro.com/san-pham/mui-phay-lo-tron-makita-d-69406-1-4-6-35mm-1-4-x1-3-4.html,0
Mũi phay,"Mũi phay lỗ tròn Makita D-69412 1/4"" (6.35mm) 3/8""x1-3/4""",https://super-mro.com/san-pham/mui-phay-lo-tron-makita-d-69412-1-4-6-35mm-3-8-x1-3-4.html,0
Mũi phay,"Mũi phay lỗ tròn Makita D-69428 1/2"" (12.7mm) 3/8""x2-1/4""",https://super-mro.com/san-pham/mui-phay-lo-tron-makita-d-69428-1-2-12-7mm-3-8-x2-1-4.html,0
Mũi phay,"Mũi phay lỗ tròn Makita D-69434 1/2"" (12.7mm) 1/2""x2-3/8""",https://super-mro.com/san-pham/mui-phay-lo-tron-makita-d-69434-1-2-12-7mm-1-2-x2-3-8.html,0
Mũi phay,"Mũi phay lỗ tròn Makita D-69440 1/2"" (12.7mm) 3/4""x2-5/8""",https://super-mro.com/san-pham/mui-phay-lo-tron-makita-d-69440-1-2-12-7mm-3-4-x2-5-8.html,0
Mũi phay,"Mũi phay lỗ chữ v Makita D-69456 1/4"" (6.35mm) 1/2""x1'-7/8""",https://super-mro.com/san-pham/mui-phay-lo-chu-v-makita-d-69456-1-4-6-35mm-1-2-x1-7-8.html,0
Mũi phay,"Mũi phay lỗ chữ v Makita D-69462 1/4"" (6.35mm) 3/4""x1'-7/8""",https://super-mro.com/san-pham/mui-phay-lo-chu-v-makita-d-69462-1-4-6-35mm-3-4-x1-7-8.html,0
Mũi phay,"Mũi phay lỗ chữ v Makita D-69478 1/4"" (6.35mm) 1/2""x1'-3/4""",https://super-mro.com/san-pham/mui-phay-lo-chu-v-makita-d-69478-1-4-6-35mm-1-2-x1-3-4.html,0
Mũi phay,"Mũi phay lỗ chữ v Makita D-69484 1/4"" (6.35mm) 5/8""x1'-3/4""",https://super-mro.com/san-pham/mui-phay-lo-chu-v-makita-d-69484-1-4-6-35mm-5-8-x1-3-4.html,0
Mũi phay,"Mũi phay lỗ chữ v Makita D-69490 1/2"" (12.7mm) 1/2""x2'-1/8""",https://super-mro.com/san-pham/mui-phay-lo-chu-v-makita-d-69490-1-2-12-7mm-1-2-x2-1-8.html,0
Mũi phay,"Mũi phay lỗ chữ v Makita D-69509 1/2"" (12.7mm) 5/8""x2""",https://super-mro.com/san-pham/mui-phay-lo-chu-v-makita-d-69509-1-2-12-7mm-5-8-x2.html,0
Mũi phay,"Mũi phay lỗ chữ v Makita D-69515 1/2"" (12.7mm) 7/8""x2'-1/4""",https://super-mro.com/san-pham/mui-phay-lo-chu-v-makita-d-69515-1-2-12-7mm-7-8-x2-1-4.html,0
Mũi phay,"Mũi phay lỗ chữ v Makita D-69521 1/2"" (12.7mm) 3/4""x2'-1/4""",https://super-mro.com/san-pham/mui-phay-lo-chu-v-makita-d-69521-1-2-12-7mm-3-4-x2-1-4.html,0
Mũi phay,"Mũi phay lỗ chữ v Makita D-69537 1/2"" (12.7mm) 1-1/8""x2-3/8""",https://super-mro.com/san-pham/mui-phay-lo-chu-v-makita-d-69537-1-2-12-7mm-1-1-8-x2-3-8.html,0
Mũi phay,"Mũi phay lỗ tròn Makita D-69543 1/4"" (6.35mm) 1/4""x1-1/2""",https://super-mro.com/san-pham/mui-phay-lo-tron-makita-d-69543-1-4-6-35mm-1-4-x1-1-2.html,0
Mũi phay,"Mũi phay lỗ tròn Makita D-69559 1/4"" (6.35mm) 5/16""x 1'-37/64""",https://super-mro.com/san-pham/mui-phay-lo-tron-makita-d-69559-1-4-6-35mm-5-16-x-1-37-64.html,0
Mũi phay,"Mũi phay lỗ tròn Makita D-69565 1/4"" (6.35mm) 3/8""x1-5/8""",https://super-mro.com/san-pham/mui-phay-lo-tron-makita-d-69565-1-4-6-35mm-3-8-x1-5-8.html,0
Mũi phay,"Mũi phay lỗ tròn Makita D-69571 1/4"" (6.35mm) 1/2""x1-5/8""",https://super-mro.com/san-pham/mui-phay-lo-tron-makita-d-69571-1-4-6-35mm-1-2-x1-5-8.html,0
Mũi phay,"Mũi phay lỗ tròn Makita D-69587 1/4"" (6.35mm) 5/8""x1-3/4""",https://super-mro.com/san-pham/mui-phay-lo-tron-makita-d-69587-1-4-6-35mm-5-8-x1-3-4.html,0
Mũi phay,"Mũi phay lỗ tròn Makita D-69593 1/2"" (12.7mm) 3/4""x2""",https://super-mro.com/san-pham/mui-phay-lo-tron-makita-d-69593-1-2-12-7mm-3-4-x2.html,0
Mũi phay,"Mũi phay lỗ tròn Makita D-69602 1/2"" (12.7mm) 1""x2-1/4""",https://super-mro.com/san-pham/mui-phay-lo-tron-makita-d-69602-1-2-12-7mm-1-x2-1-4.html,0
Mũi phay,"Mũi phay lỗ tròn Makita D-69618 1/2"" (12.7mm) 1-1/4""x2'-3/8""",https://super-mro.com/san-pham/mui-phay-lo-tron-makita-d-69618-1-2-12-7mm-1-1-4-x2-3-8.html,0
Mũi phay,"Mũi phay lỗ đuôi én Makita D-69630 1/4""(6.35mm) 3/8""x1'-9/16""",https://super-mro.com/san-pham/mui-phay-lo-duoi-en-makita-d-69630-1-4-6-35mm-3-8-x1-9-16.html,0
Mũi phay,"Mũi phay lỗ đuôi én Makita D-69646 1/4""(6.35mm) 1/2""x1'-3/4""",https://super-mro.com/san-pham/mui-phay-lo-duoi-en-makita-d-69646-1-4-6-35mm-1-2-x1-3-4.html,0
Mũi phay,"Mũi phay lỗ đuôi én Makita D-69652 1/2"" (12.7mm) 3/8""x2-1/8""",https://super-mro.com/san-pham/mui-phay-lo-duoi-en-makita-d-69652-1-2-12-7mm-3-8-x2-1-8.html,0
Mũi phay,"Mũi phay lỗ tròn Makita D-69668 1/4"" (6.35mm) 1/2""x1-3/4""",https://super-mro.com/san-pham/mui-phay-lo-tron-makita-d-69668-1-4-6-35mm-1-2-x1-3-4.html,0
Mũi phay,"Mũi phay rãnh Makita D-69674 1/4"" (6.35mm) 3/4""x1-3/4""",https://super-mro.com/san-pham/mui-phay-ranh-makita-d-69674-1-4-6-35mm-3-4-x1-3-4.html,0
Mũi phay,"Mũi phay rãnh Makita D-69680 1/4"" (6.35mm) 1""x1-7/8""",https://super-mro.com/san-pham/mui-phay-ranh-makita-d-69680-1-4-6-35mm-1-x1-7-8.html,0
Mũi phay,"Mũi phay rãnh cong Makita D-69696 1/4"" (6.35mm) 3/4""x1-11/16""",https://super-mro.com/san-pham/mui-phay-ranh-cong-makita-d-69696-1-4-6-35mm-3-4-x1-11-16.html,0
Mũi phay,"Mũi phay rãnh Makita D-69705 1/4"" (6.35mm) 1/2""x1-21/32""",https://super-mro.com/san-pham/mui-phay-ranh-makita-d-69705-1-4-6-35mm-1-2-x1-21-32.html,0
Mũi phay,"Mũi phay rãnh Makita D-69711 1/2"" (12.7mm) 1""x2-1/8""",https://super-mro.com/san-pham/mui-phay-ranh-makita-d-69711-1-2-12-7mm-1-x2-1-8.html,0
Mũi phay,"Mũi phay rãnh Makita D-69727 1/4"" (6.35mm) 3/4""-1-11/16""",https://super-mro.com/san-pham/mui-phay-ranh-makita-d-69727-1-4-6-35mm-3-4-1-11-16.html,0
Mũi phay,"Mũi phay cạnh cong Makita D-69733 1/4"" (6.35mm) 1/4""x1-11/16""",https://super-mro.com/san-pham/mui-phay-canh-cong-makita-d-69733-1-4-6-35mm-1-4-x1-11-16.html,0
Mũi phay,"Mũi phay tròn góc ổ bi Makita D-69749 1/4"" (6.35mm) 3/4""x2-1/8""",https://super-mro.com/san-pham/mui-phay-tron-goc-o-bi-makita-d-69749-1-4-6-35mm-3-4-x2-1-8.html,0
Mũi phay,"Mũi phay tròn góc ổ bi Makita D-69755 1/4"" (6.35mm) 7/8""x2-5/32""",https://super-mro.com/san-pham/mui-phay-tron-goc-o-bi-makita-d-69755-1-4-6-35mm-7-8-x2-5-32.html,0
Mũi phay,"Mũi phay tròn góc ổ bi Makita D-69761 1/4"" (6.35mm) 1""x2-1/4""",https://super-mro.com/san-pham/mui-phay-tron-goc-o-bi-makita-d-69761-1-4-6-35mm-1-x2-1-4.html,0
Mũi phay,"Mũi phay tròn góc ổ bi Makita D-69777 1/4"" (6.35mm) 1-1/8""x2-1/4""",https://super-mro.com/san-pham/mui-phay-tron-goc-o-bi-makita-d-69777-1-4-6-35mm-1-1-8-x2-1-4.html,0
Mũi phay,"Mũi phay tròn góc ổ bi Makita D-69783 1/4"" (6.35mm) 1-1/4""x2-5/16""",https://super-mro.com/san-pham/mui-phay-tron-goc-o-bi-makita-d-69783-1-4-6-35mm-1-1-4-x2-5-16.html,0
Mũi phay,"Mũi phay tròn góc ổ bi Makita D-69799 1/4"" (6.35mm) 1-1.2""x2-7/16""",https://super-mro.com/san-pham/mui-phay-tron-goc-o-bi-makita-d-69799-1-4-6-35mm-1-1-2-x2-7-16.html,0
Mũi phay,"Mũi phay tròn góc ổ bi Makita D-69808 1/2"" (12.7mm) 1-1/2""x2-11/16""",https://super-mro.com/san-pham/mui-phay-tron-goc-o-bi-makita-d-69808-1-2-12-7mm-1-1-2-x2-11-16.html,0
Mũi phay,"Mũi phay tròn góc ổ bi Makita D-69814 1/2"" (12.7mm) 2""x2-15/16""",https://super-mro.com/san-pham/mui-phay-tron-goc-o-bi-makita-d-69814-1-2-12-7mm-2-x2-15-16.html,0
Mũi phay,"Mũi phay tròn góc ổ bi Makita D-69820 1/4"" (6.35mm) 3/4""x2-1/32""",https://super-mro.com/san-pham/mui-phay-tron-goc-o-bi-makita-d-69820-1-4-6-35mm-3-4-x2-1-32.html,0
Mũi phay,"Mũi phay tròn góc ổ bi Makita D-69836 1/4"" (6.35mm) 7/8""x2-1/8""",https://super-mro.com/san-pham/mui-phay-tron-goc-o-bi-makita-d-69836-1-4-6-35mm-7-8-x2-1-8.html,0
Mũi phay,"Mũi phay tròn góc ổ bi Makita D-69858 1/4"" (6.35mm) 1-1/4""x2-9/32""",https://super-mro.com/san-pham/mui-phay-tron-goc-o-bi-makita-d-69858-1-4-6-35mm-1-1-4-x2-9-32.html,0
Mũi phay,"Mũi phay tròn góc ổ bi Makita D-69864 1/4"" (6.35mm) 1-1/2""x2-3/8""",https://super-mro.com/san-pham/mui-phay-tron-goc-o-bi-makita-d-69864-1-4-6-35mm-1-1-2-x2-3-8.html,0
Mũi phay,"Mũi phay tròn 2 góc ổ bi Makita D-69870 1/4"" (6.35mm) 1'-1/8""x2""",https://super-mro.com/san-pham/mui-phay-tron-2-goc-o-bi-makita-d-69870-1-4-6-35mm-1-1-8-x2.html,0
Mũi phay,"Mũi phay cạnh cong Makita D-69886 1/4"" (6.35mm) 5/8""x1-15/16""",https://super-mro.com/san-pham/mui-phay-canh-cong-makita-d-69886-1-4-6-35mm-5-8-x1-15-16.html,0
Mũi phay,"Mũi phay cạnh cong Makita D-69892 1/4"" (6.35mm) 3/4""x1-13/16""",https://super-mro.com/san-pham/mui-phay-canh-cong-makita-d-69892-1-4-6-35mm-3-4-x1-13-16.html,0
Mũi phay,"Mũi phay cạnh cong Makita D-69901 1/4"" (6.35mm) 7/8""x2-3/16""",https://super-mro.com/san-pham/mui-phay-canh-cong-makita-d-69901-1-4-6-35mm-7-8-x2-3-16.html,0
Mũi phay,"Mũi phay cạnh cong Makita D-69917 1/4"" (6.35mm) 1-1/18""x2-3/16""",https://super-mro.com/san-pham/mui-phay-canh-cong-makita-d-69917-1-4-6-35mm-1-1-18-x2-3-16.html,0
Mũi phay,"Mũi phay cạnh cong Makita D-69923 1/4"" (6.35mm) 1-1/14""x2-13/64""",https://super-mro.com/san-pham/mui-phay-canh-cong-makita-d-69923-1-4-6-35mm-1-1-14-x2-13-64.html,0
Mũi phay,"Mũi phay cạnh cong Makita D-69939 1/4"" (6.35mm) 1-1/12""x2-5/16""",https://super-mro.com/san-pham/mui-phay-canh-cong-makita-d-69939-1-4-6-35mm-1-1-12-x2-5-16.html,0
Mũi phay,"Mũi phay vát cạnh Makita D-69945 1/4"" (6.35mm) 1""x2""",https://super-mro.com/san-pham/mui-phay-vat-canh-makita-d-69945-1-4-6-35mm-1-x2.html,0
Mũi phay,"Mũi phay vát cạnh xiên ổ bi Makita D-69951 1/4"" (6.35mm) 7/8""x2-3/16""",https://super-mro.com/san-pham/mui-phay-vat-canh-xien-o-bi-makita-d-69951-1-4-6-35mm-7-8-x2-3-16.html,0
Mũi phay,"Mũi phay vát cạnh xiên ổ bi Makita D-69967 1/4"" (6.35mm) 1-3/16""x2-1/8""",https://super-mro.com/san-pham/mui-phay-vat-canh-xien-o-bi-makita-d-69967-1-4-6-35mm-1-3-16-x2-1-8.html,0
Mũi phay,"Mũi phay vát cạnh xiên ổ bi Makita D-69973 1/4"" (6.35mm) 1-1/4""x2-11/64""",https://super-mro.com/san-pham/mui-phay-vat-canh-xien-o-bi-makita-d-69973-1-4-6-35mm-1-1-4-x2-11-64.html,0
Mũi phay,"Mũi phay vát cạnh xiên ổ bi Makita D-69989 1/4"" (6.35mm) 1-5/8""x2-5/16""",https://super-mro.com/san-pham/mui-phay-vat-canh-xien-o-bi-makita-d-69989-1-4-6-35mm-1-5-8-x2-5-16.html,0
Mũi phay,"Mũi ghép ổ bi Makita D-69995 1/4"" (6.35mm) 1-1/4""x2-1/8""",https://super-mro.com/san-pham/mui-ghep-o-bi-makita-d-69995-1-4-6-35mm-1-1-4-x2-1-8.html,0
Mũi phay,"Mũi ghép ổ bi Makita D-70007 1/2"" (12.7mm) 1-1/4""x2-3/16""",https://super-mro.com/san-pham/mui-ghep-o-bi-makita-d-70007-1-2-12-7mm-1-1-4-x2-3-16.html,0
Mũi phay,"Mũi phay cạnh hình chữ s Makita D-70029 1/4"" (6.35mm) 1'-1/2""x2-3/8""",https://super-mro.com/san-pham/mui-phay-canh-hinh-chu-s-makita-d-70029-1-4-6-35mm-1-1-2-x2-3-8.html,0
Mũi phay,"Mũi phay cạnh hình chữ s Makita D-70035 1/4"" (6.35mm) 1'-1/2""x2-5/16""",https://super-mro.com/san-pham/mui-phay-canh-hinh-chu-s-makita-d-70035-1-4-6-35mm-1-1-2-x2-5-16.html,0
Mũi phay,"Mũi phay cạnh chữ s Makita D-70041 1/2"" (12.7mm) 2-1/4""x4""",https://super-mro.com/san-pham/mui-phay-canh-chu-s-makita-d-70041-1-2-12-7mm-2-1-4-x4.html,0
Mũi phay,"Mũi phay ghép mộng Makita D-70057 1/2"" (12.7mm) 1-5/8""x3-3/32""",https://super-mro.com/san-pham/mui-phay-ghep-mong-makita-d-70057-1-2-12-7mm-1-5-8-x3-3-32.html,0
Mũi phay,"Mũi phay ghép mộng Makita D-70079 1/2"" (12.7mm) 1-5/8""x5/16""",https://super-mro.com/san-pham/mui-phay-ghep-mong-makita-d-70079-1-2-12-7mm-1-5-8-x5-16.html,0
Mũi phay,"Mũi phay ghép mộng Makita D-70085 1/2"" (12.7mm) 1-39/64""x11/32""",https://super-mro.com/san-pham/mui-phay-ghep-mong-makita-d-70085-1-2-12-7mm-1-39-64-x11-32.html,0
Mũi phay,"Mũi phay rãnh 3 cạnh cắt Makita D-70091 1/4"" (6.35mm) 1'-7/8""x5/64""",https://super-mro.com/san-pham/mui-phay-ranh-3-canh-cat-makita-d-70091-1-4-6-35mm-1-7-8-x5-64.html,0
Mũi phay,"Mũi phay rãnh 3 cạnh cắt Makita D-70100 1/4"" (6.35mm) 1'-7/8""x3/32""",https://super-mro.com/san-pham/mui-phay-ranh-3-canh-cat-makita-d-70100-1-4-6-35mm-1-7-8-x3-32.html,0
Mũi phay,"Mũi phay rãnh 3 cạnh cắt Makita D-70116 1/4"" (6.35mm) 1'-7/8""x1/8""",https://super-mro.com/san-pham/mui-phay-ranh-3-canh-cat-makita-d-70116-1-4-6-35mm-1-7-8-x1-8.html,0
Mũi phay,"Mũi phay rãnh 3 cạnh cắt Makita D-70122 1/4"" (6.35mm) 1'-7/8""x5/32""",https://super-mro.com/san-pham/mui-phay-ranh-3-canh-cat-makita-d-70122-1-4-6-35mm-1-7-8-x5-32.html,0
Mũi phay,"Mũi phay rãnh 3 cạnh cắt Makita D-70138 1/4"" (6.35mm) 1'-7/8""3/16""",https://super-mro.com/san-pham/mui-phay-ranh-3-canh-cat-makita-d-70138-1-4-6-35mm-1-7-8-3-16.html,0
Mũi phay,"Mũi phay rãnh 3 cạnh cắt Makita D-70144 1/4"" (6.35mm) 1'-7/8""x7/32""",https://super-mro.com/san-pham/mui-phay-ranh-3-canh-cat-makita-d-70144-1-4-6-35mm-1-7-8-x7-32.html,0
Mũi phay,"Mũi phay cạnh Makita D-70150 1/2"" (12.7mm) 1-3/8""x2-9/16""",https://super-mro.com/san-pham/mui-phay-canh-makita-d-70150-1-2-12-7mm-1-3-8-x2-9-16.html,0
Mũi phay,"Mũi phay lỗ khóa Makita D-70063 1/4"" (6.35mm) 3/8""x1-7/8""",https://super-mro.com/san-pham/mui-phay-lo-khoa-makita-d-70063-1-4-6-35mm-3-8-x1-7-8.html,0
Mũi phay,"Mũi phay lỗ đuôi én Makita D-69624 1/4""(6.35mm) 1/4""x2'-1/2""",https://super-mro.com/san-pham/mui-phay-lo-duoi-en-makita-d-69624-1-4-6-35mm-1-4-x2-1-2.html,0
Mũi phay,"Mũi phay tròn góc ổ bi Makita D-69842 1/4"" (6.35mm) 1""x2-5/32""",https://super-mro.com/san-pham/mui-phay-tron-goc-o-bi-makita-d-69842-1-4-6-35mm-1-x2-5-32.html,0
Mũi phay,"Mũi phay thẳng 1 cạnh Makita D-68915 1/2"" (12.7mm) 3/8""x2-1/2""",https://super-mro.com/san-pham/mui-phay-thang-1-canh-makita-d-68915-1-2-12-7mm-3-8-x2-1-2.html,0
Mũi phay,"Mũi phay thẳng 2 cạnh Makita D-69054 1/2"" (12.7mm) 1/4""x2-1/2""",https://super-mro.com/san-pham/mui-phay-thang-2-canh-makita-d-69054-1-2-12-7mm-1-4-x2-1-2.html,0
Mũi phay,"Mũi phay thẳng 2 cạnh Makita D-69135 1/2"" (12.7mm) 3/4""x2-5/8""",https://super-mro.com/san-pham/mui-phay-thang-2-canh-makita-d-69135-1-2-12-7mm-3-4-x2-5-8.html,0
Mũi phay,"Mũi phay lỗ tròn Makita D-69397 1/4"" (6.35mm) 1/2""x2""",https://super-mro.com/san-pham/mui-phay-lo-tron-makita-d-69397-1-4-6-35mm-1-2-x2.html,0
